video_id,final_views
3IKsRKbwYLk,191525
fWocmEI5C2s,71170
DBe2ej3Z1RY,1048
TgwxzLExoyE,25349
djXlXsPJv_8,299681
Nye5s-l_Hm4,1064
-eo16zbLpfU,7738
1XSK8N0fHbA,9433
yf63SQpSTtw,1320
hXxL8KUEBXA,3768
PgFadEW3VPM,19177
XpM27VlM9Hk,2826
yjphZ4EMhh4,7313
Mo-8pVwlMHs,4045
qFaabMtELv8,1363
hClv7XGX4MQ,19287
A-k1iErnWPs,1521
Oj70M7WQP2k,1401
5LREWBPfDGQ,2501
SiyJBK5ZJAs,6270
VLko5oBWx70,17272
8t826XvV7vw,31785
yLgCet0JqJs,2022
is1z5gd46DM,3757
Fw5vlcD7VCY,3362
Lu0nkNQaWZ4,28047
1y22olRXAz0,10151
2sYOhnHfoMo,3900
R7AVd3WhQ1I,40992
kPDoVEx00As,13047
cCMvyt66eBA,16950
r-TdxOyO1Oo,262
ze21zDV-UB0,254
esL1F-Vlmdw,20490
6zoWs6pUxpo,102866
rNckbqLFbkg,1239
QcVL63rFV8Y,3006
-F9ElFr0xgU,1695
R4zp7vulnE8,4379
LrCJGE9BwTY,6282
SETIbv51t2c,1223
Me7FKiSKJlU,1720
S_RrQvAmaCM,37451
NoyFTUV6Qzw,7580
q9jKDARnxQ8,950
EngvIo_TXPU,1115
BHvJILZcwxM,2068
ixnE7hZCJZI,12066
8duZ0zgkLVM,21313
kbH5I76Idbk,16573
IILe43FGZsY,8678
I7qp8ZrBwTE,122087
zZbsK0OSFq4,347
70MI7NHYt84,9471
rxUxuJ9mkLo,995
U4PimTZHt_E,57556
99sn0-OIilI,8750
cuO8vGJUNMo,315
kb8G8CCUn4k,673
etZSILS5_h8,23894
NhTAanDmjmI,5821
E0Sy8WBZt7I,4441
l4KkhTuSqwI,3640
fcQboPj2pyk,48
yrt_qDW5AUQ,213
vjHF-L4mbKs,5828
fcS1keSQGjo,17481
s9mKzbrVMlA,19491
sKLNYHe_Yzw,18849
aApTlTld5wU,656
W_vRdpUIaYc,13927
H7ap412xXPI,19163
8kuwOXCdXzc,985
LI2chZtq0e8,3917
azifWXTykws,38111
UsfysWNayq4,2146
M7vRRIBxE8U,7229
Y2iTRI1lnLc,313
HzzZcfiqXNg,390
3ylINYOJMpg,62025
bStFTF02WMA,213
aR1Iv1asqOo,382
f4dxOdrCoUI,1429
IkF_KIx-2zc,5220
n_bvJOLt0WQ,22943
zoeGNWTBzMk,1568
1a8cSd9TZzw,3093498
rX6Gl-68zV4,66560
B6znvNBIHpU,4576
LIyrEcOYILM,792
dF5O8ls7vaM,538
QB_r2AEORe0,2796346
rqFqpn_EwFo,419
19EzAV3WH-s,27027
pxaDC-WIjQc,1963
LtbS5M2oglU,23209
jaSVhrKVljo,20542
i7NrrjvnwVg,6616
QKat5-sJ1KU,369
anoB_l1Qd-k,5801
XQhKdL0F8G8,3108
UbofqDMCXfY,1788
cUzGqn1oPug,4831
MOlfVGnyTsI,19904
rCJ-xwBT6VI,166
xTOfbxotQFA,14838
BtEU5nD1B7U,12484
X4nXHg2CziI,192032
3ps_nkKxNkI,827
BA2p7UjmGDE,88
ZD20aw8-oIE,2311
bhhhECTKyD0,19548
b9Z57vr4GjU,731
Vy5FWRsLZak,3346
syyZhNQiIe8,379
kl6zORrw-Xk,716
sZcIvmGFsVA,4858
Q44PjimMIEc,26042
mI7HP8qx9G4,4994
4p2QLL0KMQw,1752
LNapIHcD-t0,1788
iDIL68YP1HY,60
LoizQgw5yvQ,1698
5hZm1IdTbDY,33776
NdSqNGpeD84,208875
th8NT-2kkQo,58053
g5tsneVWWVM,1125
UL6krH2eH5c,51139
oBf6BWu30mY,1356
jCn0NYLTCxw,11778
vNC8M3adb90,2325
cqVnQoDx7JM,27611
ZlYJwmjw2DY,26392
UdJ5KKHQbxc,4979
6qXr9ETekWs,1061
BrluLQOZiVM,32841
35XhYdeKWNw,66491
o5T8xLZjREg,1048
eoMDEif1PHc,98231
0NDrkVk9Iec,9009
bph6_MZGS68,32693
KcZv9rniaUA,157467
SwHu2g-pCqs,976
9HzUBPotoig,4367
qeoJNOW9iZ8,4859
75OPkY3rcuA,27670
pItNrROu5vE,3820
-cKDrgsOsKg,7379
b2aOeferB9c,206843
6OCR7qVkAHY,18078
xrUv29rKBTc,13374
LavmIQwoDYU,278132
7_AdciCTAQc,91235
LRO1HAtFRVg,4144
T1ocsSwbg88,508
DkQXNqRnIRg,238296
7ZIqVeM7Dno,785
fCiBHqobEm8,39484
GkaqqsC8g14,13951
Ep0Gav2V2CM,42380
DyxR4I1HuXA,31435
4KqNoASrRP8,21339
CFGZsl-8dAA,9409
G4j6u8dmkkI,16200
EHmFUXS9OE8,2639
MOHZ94VYkFI,3351
vFZl5pGQFeE,2114
L_-bqFXFk_c,9587
Oqr1ER4nqeY,1441
nfsx3mWVwfg,35157
iYFN9gN7-UQ,801
JwV9HABYiDg,10644
GPmMxtj0B1E,29127
p7Ta9IHqxIo,42951
tIWwm5wAt6g,779
aKI5DNwZSt0,3759
S0TdEMlXicI,23766
DJtnx9ZI-qI,15544
C7cofrIgP8E,10904
8jxgcrvfWyM,3572
i6BhSuX4hBY,733
P0-5rT-Bfmg,2263
TF0qwXIeTc8,10711
x3mXvi57tcQ,1949
IFg-N60oJtA,18127
Njy_l2OYZY4,9985
i_bFejziKCg,32874
00_WQu_aKeM,1293
ji9HY-CXS8A,12277
ZKPMyoNEimQ,750
4mTm1ycb-O8,225989
CbVbSRnETRU,3598
KQgRcu4TE1Q,948
KzWcHhHqD4o,499
YI5qiZ0Uhng,1593
rVOQ7CFxdyc,2141
tigDX-apFMY,36736
QI9YpNIshyA,12007
98l-bX91Zfs,2895
czLYQPa9Ypw,12747
TfKCnxxaWLo,13899
bIlN6Gh9lhw,8942
RrwZNCz6JAA,59000
Ke_xBXhvYRw,19628
5gE2_F4rekY,43089
EnM9uJI_Mv4,40100
a9AHsBxH7YQ,16068
ZNeX4Lrv57g,151184
uz1HTHrepKw,33445
xRFcBAulSi0,235289
JH3jPQG6nKc,23868
KLYgmOXcJhk,33996
h2Lmr-th5pI,19375
M0kl_4Bi0gs,14322
Gxlfn3cS_iM,200415
R7cw5tVc0fU,15822
lmSdtdZIVOU,5766
GS1aZuy8-EA,51275
5eC3OyZqM0Y,12616
Fg_wptLqThY,716
MuUM8_57lFk,4472
Y1xEFCUbKRE,135042
t7WSgrQyRZY,3539
F3fW3l5Jrsg,19964
ilzUTM62bSs,337120
5lTeUQFaSuM,35544
FWapuJ8c_1k,123665
UUduIxlUpgg,3244
KKxMREzaxcU,23472
ADEx8kz_Oe4,28210
g47Z0eAGB3k,3067
RPLlCAMr_fo,1573
bZ644Gk2aAc,8370
TziOJ1i4rjM,1028
lerXK8wUlpk,2067
_3Z8Uo7DBxg,3369
GIXOThmYJbA,57285
3rEd0NMfxto,45329
vhxBllBt2wg,30225
Oh2yYPZqmIo,4236
vTJW4X7qAEE,4468
ojEzyhih1g0,12011
CZo_vB1NhoI,1300
fQEGKwJFUdw,11103
slugiSJS_Z8,26546
KlMCh2zMuSQ,29581
KfUUOMhWBM0,7505
d2YmNMiyrGA,1462
ifXdYsJmu4I,1575225
l7HeYjtXrEU,1555
YSdLbCf9ULk,3011
zPLmX2IvCnY,849145
jn2PAFVxCBY,4066
p2y9LgMWNN8,546
EUUlFRyITOA,4895
cWSSF4UsZ1I,16806
Jv05Zif_XOs,23577
iX_yo-ll4Es,72049
EVRQCPjPQYc,2391
vNUPekDTxkg,20055
VXf8eCZkZ3M,10405
TCnW7yHPaX0,1536
gD8R9VIQkag,1382
mh_hRCmPnuo,136275
uiDlsFMZep8,23640
wqcKVcBDk7M,10002
rRG2iFcdyt4,2064
iWWLh26srt4,18207
7uErAykEn_8,60397
3-WUfGcnXGU,11486
BrEPKBbleY8,21156
GnWtXeFTGqI,28309
FGCuQAohdeY,4884
gtxIadv1hB8,179909
qgyuBzOPVlo,264520
a-l1Zg1X6Uc,159287
YICe_2xX3EA,2779
tFqkSsRRxFY,4047
5sxsJuzc5yo,232121
pMExzjISaUQ,21767
dLUTz2jFpXs,4292
eS8Ghj1L8xo,31382
-4xnY9kPLbY,35978
6Jrtfp8As9w,3046
Y8R1lpOCov4,18073
5sSqCtcFAjo,1519
DPCtugjIZBg,10732
WFOME2q5gUU,4302
KcYerhw2zDI,33430
Ybryoaj9Vh8,11204054
zLErsNDt9V4,31099
ssddDXgk_wo,6477
j-9SJLGf7FQ,21621
lrNVWb5d2ZI,35852
f-EDRZWyen8,60625
I7hOdT0pIEY,554
QrL9fhJ6aGY,9189
HSAnyaawQDo,8766
vrKvsD47s8k,11486
I8T9VHnThlc,41418
Ga1wegi4nJc,28558
hVCr6r_z5sA,67379
j9uHdsu8AuU,136879
3XYpECSFz_s,8962
Q0BmPXzp-7I,10099
J0lmcdCszTM,1307
nM9yqPlk-Qc,2129
4c4PBCD3JOk,38412
iQ_37alTWbQ,14994
qbSsGHYN9iE,1029510
ZWsV2r90AWQ,715
PzcZfw6AqA0,15426
cnvXm_vUcpw,10414
4pHHPMgINww,1736
YCb2cRKvorY,25447
pV-O2E9exLY,7942
1ppdzjmv_AE,2198
qWd7uIBJyoI,11747
_Mh2NI2jrOw,28657
GGnLYDwy2Nw,9529
_oaKpM1dEuI,1133
GstPioDmhTA,1312024
p50WHFepmq4,8731
R_GLNPRPMVg,2390
HYo1vTr6IUg,129580
p-6vzVoafEc,26656
Yhssr46QB4U,64570
j2DEi7Wg-kk,32521
MSLJMuITHrA,14165
JblR0F6Gfbs,4487
jzPMA-rUSXE,7130
gpZsanbUYW4,8888
b9oll5ce9yk,9364
tSCBMks9OGw,14475
jVKD3nzo45A,4389
X3KMf9R4cVk,1507
rOEfi8nEKuo,3416
wihy5eu8Awo,1122
MNGDSu0mQpc,1000799
VqUYwsCatfs,16596
3-K94ZsMbP4,1279
saw9tS_rjdw,15697
D35aofSFmxA,5657
fqDlpHtmjgg,7897
j1jSv9bUA1I,9912
JGF-RJGvIvM,7944
gCbhfxGRy3c,18822
HeLIE8BtIEY,4613
tGNWR4gLkgc,1474
8njFFHOY8V4,3730
_FIasTIrCYE,11591
RPHIyZwm3gc,24634
V1yiP0DvD7w,5837
N9MCLh2BqM0,939
aJJPtcoTnfg,1239
yF9FqIc4gkQ,2521
V9-6wdvvi9I,3743
qfnTufyOiOg,1421
JjNejCnvxGo,3524
GsqyuHAsxDY,3695
JJt5aotKXLM,1519
nWNCSx5XDW0,6831
YNzlCsjl9kU,3231
Cuk7kBOPNsU,4048
u3Fq4smNTBY,1800
OpKYoRu8f_s,11823
FTUc8Xyy5k0,567
X4Js2LWVCwE,645
sHR2RYvV0is,15631
l96kKVu8JgY,92123
m_6FzTNWh04,6424
Oa1_qB5SqJ4,2921918
ggP9uCaNX3U,9798
OEiiwwXVCso,29197
OolbIzW42eI,19046
Nlhk_dJRjZE,43475
JUg728Oy3J0,6304
yFsvNVlaIho,5404
rac2XSSH14s,7613
VeZYiYMK2vY,6465
rN1mekcpQFE,12250
KimtiBc2pTg,5297
iLcolhs9X78,5427
rQtCMjLnfD8,12686
TtUCQYxj0To,6932
CVhLyWG49EM,43589
58QxyKiJ1p0,4494
PatxiYJZoOk,11438
Nth4I-H4PTs,1178464
_BWSk1Cgs7Q,906
NMkc6KWoLSs,1898
nj2YscM3cwg,1119
IHM48wMTjGI,846
QcuoYD9wzdw,1153
E8ytPUoA5a4,35118
gkSnU-eOlc4,14437
NUX8LuEInY8,3919
-hXwhKO_nqk,938
b5MCklgcJb0,2410
cV4M1PbAyCY,30597
IL6YJaIihIQ,3425
NQ9mEGYDaXg,84893
v5oum45hJFA,10025
wQzkyDrVNVc,14910
Uj5-ZTQ2hy0,6717
Gnk8WBYcVh8,13527
rEbZzviT0Vo,1603
4qquvuOQZwo,2268
IPooCK4sny4,3286
68tK-w7mEKw,102095
mN0R5qidzQA,1221
qvwMN8D0mlo,4773
PgllEhHpkKE,64650
GUmv4XI_TrU,1235
QmtYD-OO46Q,33847
iNLrBkpS64k,5396
l_vldqJz09Y,1986
2CRIGVZSzwc,8249
0YWloD119Wo,3451
4en5U4rfDk0,25912
szcUcy20QWA,3697
5qXvvvqTxzI,788
Bdc6gO_80_Y,44012
-OZPvdZuj-k,2689
3dOnrMwvPVc,25202
sE_6hcr2qMQ,14295
SdCe-LgzQgg,14033
XkFroY7O5VE,28439
YjM0cQHNxAE,13020
45VgV774vlU,10245
ydpHk_2s3CU,6490
2NiKvXucONc,17652
qM7hGPE392w,1606
_96eyaq-yAM,76548
HO8IzzyQyG0,1370
0-gyIlVDTqY,32157
hloPJqWDkQQ,1183
I4HMz-W39i4,36842
2KTtAxKRDxM,2431
_TRm-I6RW3o,1184
BT9m6CiwgEg,1500
XXOdcAOqg_4,11017
drU4en97spQ,3006
lxhYDw5cbvM,14
O9PuRwaLijk,5377
_a2WoP7IprE,26383
KMAOr_TQCOw,6245
xvHI9Navfv8,21630
wuw82GUUDoI,292
YzPASDbGSts,21156
sszqqtaypnU,1516
qk6wXeqjXNY,5301
GjhNZW7ajj4,233475
HR_dKdj_Iqo,1435
QTuUclmcHIE,2705
zK0atnvWgbw,2295
5DRGcXIdzGY,3874
27RRKD5CxQM,3297
bZMvmYPQ_MU,4107
DtSxcRIJ8Pg,14272
BPK7ewfPcn4,2401
ssUXzG9Irys,766
_3NHxsyoZJQ,534
gK_sQvZtk0I,13779
KrBMD1Hlpq0,6
6HxC3E4Sz4o,6132
9LaufbiG4zo,161
2UpeSFYevqw,436280
tf2rp3dYI0U,1815
kD5fwGqQ09o,12174
9FXIROWYYvw,97
uw-1_zJYZDc,13885
dDR3gPcgzAk,114
EIJv15xa9zI,456
E2U9LmY-BeY,1330
Kf7PtAgoeIA,24320
T7DBv7JbWHc,4808
-yQl6f7ZEOk,738
t22AdbQk8DA,18124
ETGGyHjsr4o,10546
VEuVXDbs0Fs,5819
lsyoZwBTErI,3175
Ae-bZa1nj8w,15075
FV6bO4S0Sjs,9065
Y1hAde-AwgM,2314
25yJv1m3bCo,42173
hM9fyS9kSXg,1536
b3HiNo6ZQD0,4084
LlUIcMoT8rI,13549
AGOFFH25OA0,99930
pNhb9aUepBY,1564
uxAnXZ-Z1vc,1150
Atnk_UJhtD4,11023
e8NfBbSUJXI,34072
f3sVYwu3cDo,2484
l4sF1eQUjV8,78
_-ew4OXCCcc,1653
FmIc-py2-Vw,20729
GLUxh_CyzvM,868
i9Gub53LY2o,61046
SX7j19De-9o,6954
uc7e-iHFT0A,62322
8aoi9vOI-kY,21855
8irPQo_BEjE,319
svF-x2R5d_U,2545
APy9e9AT0Fc,411
Femw1dlxQV4,2340
hIX9e9He6b4,156325
oSvZVWLiRsQ,4465
lsjcv9AdRY8,801
rNiFp_lfD-Y,955
cB1LrvIuAJg,3391
2AXuCAOV67M,128850
uUpQkmT-b1A,3741
kIqXBKCOos0,1545
J0Wyy9KEnXw,1102891
O6pCNxe0hoE,346898
S5U0JZZKvOY,849366
TbIJUKmHnGk,16456
ziL9HtbIMls,8879
nmEAgEh_9bk,145
xZOTAgcHMuk,35209
2ynS3ShLrKI,209788
68SAcAf80EA,51781
ke589sxiQxo,1747
aReFmbOimXs,741
1rdfcunX9Ns,1738
pZHVJZIqt0g,3151
VFXNDa4aE0c,3103
xeIT2vAG8Lo,10114
2h66NOa42Bo,19012
pdOzhb6DUkA,15401
m5xapFXownM,6950994
CzFrHiTtJuo,30850
cpNYV-59vSA,88
LoRYLGzf2ko,20789
Yofg760f3X0,288180
oHuGejkTHLw,117532
wu2pvIF33mM,888
cXEZATBdjm8,12777
X4dhj5K8rIs,20238
qZDIDn2AXGQ,85109
404Gj1tASEM,31635
1rlM8QHhGDU,132258
uPauvwFTSYU,4470
6Mg_twdKXZE,1455
LzGblzrU9YI,1504
fxqBbVw-F-4,13142
zm68UgUfUOk,85386
BH3zqBppjX0,16460
Ugc7ZktTd0k,9478
66bv-DPhNVw,69772
vc14Wlc64Uk,28259
CxFgdw21Wlw,402
va8_5IaIDHw,25152
MJGn7W_RsZg,7602
YjwOi8ISihE,21922
rxJfAC1VQ_M,44336
Vi3tSkG-2y4,5207
IHugK23_G9U,21006
5ArfNSAubRg,15323
ISu6WV_lHbM,40402
C8NPE1xgS5Y,2521
uhtFxEjfjNg,11051
aqLj_-rKoys,5264
0kC-dXqDUvU,4361
QezZnmb_H-g,3460
PrKy5GHPcZ8,5644
I102sSekM7I,5593
TOabzF7eKjE,1016
2jUi9oyCGKw,41054
s-0JU6uvrcQ,8855
JrXw5adK3yI,1142
UpztAc3ICfg,2930
vas4rkaiMwg,6408
nWIW1eEsd6A,3225
JqDPdnjes90,17140
V0oXQAVoE1c,21905
2IBn9U1YHG8,134888
GmUl48NVGto,5664
oBAxwhxa-ig,24224
ag_Gn9bbPn0,68940
R166wreAg04,4910
wh8W_fx266c,41315
wQWqUaguYxs,11881
A4JxilP8Okg,3361
i5j0AeaFhx4,5809
38f0sDCX_tE,1126
Dif_BrrR7OA,7326
NgleXRIAiCs,32307
P3iEZp6Cs1k,9037
_G-SRV490Sc,1264
fQVGS8s-voU,1322
L5A2GRdIT_w,9849
BzEPEWvtMak,19643
z8fc4ew7NPU,146242
3vJ79WtpnhY,7294
gTs7sSQWrQs,14392
k-psfPEPnOE,1032
8Pe1cjco28Y,967
FjQR-5Yybb0,550
Awpq0OzV6CE,11080
YtBflq-gKrc,127
NueEawKtbfk,9888
nqZHCIoc30M,53631
EGSguuRmLaU,32137
URru12SZk6w,2898
RYiJMOSgbH8,14696
_fsRkv_CuCE,28616
EbzzBfqGC6M,3591
nsdV0pIa4f8,15255
et8fyX3umug,35988
R4F6Ec8sDvE,14471
zpIw7_Emijw,15205
5etCJUulruQ,6805
QErHNI8ddLs,4568
UjBwfTDX5EY,44824
vjqfq08PC_A,268292
Yv1JcljFNnU,5945
NAzGrgc2o-Q,20232
N7Xguanmo_w,12
JUZxhgaGyoY,1650
ydfZjQDoNoc,403
sfluOMiLJ0M,651
x0s3ivuyvv0,70
RUn2ePrgv68,542
D1XeB6wpK6Y,233
MdpbbL_xMCM,7294
_BIlXKZUw14,80330
OQlm-Il9Oi4,15564
SYNAT-QJTqw,2809
qvK71_8GJcI,736
U03puHiTcVU,1096
Wa_xITp9Gh8,1474
-I7aqyMi3xA,131
50VImfXCzV4,172
hxpGlO_xypE,2855
1k6JZjI7_lg,36694
rPNe0SDoejE,3186
ebzgJL2IStg,6131
clIBTfHqTcQ,10128
Br1FYBvdqSs,8580
AvEolSAAnaI,4468
Kl8EF0WMC_k,927
y4l3s5mJ8yE,2324
i8QfD0vcqTw,139034
b9fLQvSKyTw,16740
jd582OIvKTg,1499
dBqfcgz-jzs,33508
RjmWKeRDYgM,24878
Efa1QqNoNz8,1171
OXOy60zCbzk,30566
SZg6vO9dIbQ,965
AAg14apnrrU,6237
89nJgvJiTv4,2549
rhy0l7Q_p28,11173
Fg8Z9BT2ca4,1276577
bqDy_Tsfi9o,13032
xOl3_ACKsww,49473
haGYRYcXvmk,20714
PZbmn4N-B9U,159321
eR3PRKi1w4s,30758
5QamdXXIsrw,31369
yEB_vI8o1wM,1366580
mkBSmnc6Ny0,65044
pSrRiRMgrg0,93554
v7PpdMpCC0A,13077
6xMRQliY8VM,14948
7j948dk5Mo8,215639
R6ACo_cLRI0,126679
EUVPxo7qCpM,5064
A98JZjr8sB4,8421
OPGMmlHgilg,2575
Oj-vgy0OMKw,204647
VcvfJAwbMYg,3419
J6lZEuoOx6Q,91673
J7b88ykDdiU,1145
WebTozUjD8g,23718
AZ3977Im5n0,263973
HQeNADU7A8Y,131
ecAVOzUBL3s,24214
FMIzzOlD3Gw,4367
t0rVdSW_Qck,46698
KkOwKBv0F7s,2405
dMlvYWjbao4,9454
-vYrxroRzcI,17500
PzLQpV2ySvc,2758
Z7sdrxjSB1M,5992
vv9_Y_XWmHk,1494
cSz1Sy4SCP8,4256
jN6mPUuCMbI,4021
y4PvD_oUzvY,3043
1wPOCrBttq8,35814
jiBLb5C04SE,798
6HGzEGl2ea4,232985
TN145HHuNS4,23355
fuknVtmthPo,279167
6RUYHpFN9uk,11571
dYvayJDwHkI,8588
cjuptXXzm0w,21498
j5Vm9dTCwuU,16759
1ESIKmX9zDw,1642
PsrNZsBRxX0,2715
8ACWBm_QdQE,7530
o2v8nGZbPAA,263639
LTNJp55yB9o,25736
d2bpE3HJ_2k,23466
5_WNu2KOrYs,50069
WP8s7OixvAM,49565
kEXraiKz9OE,1286
7MWCoeQS5V8,26489
0LAxibFW3H8,30458
EMIcuNbxQkY,22273
NWbXgEn1rOA,4926
OI4kkpw30o0,175468
2OskpONunSk,162076
nxZt5s9Pcqo,185524
wLIr7U3__V8,67830
v8z7_ed9iz0,10710
RHw-Sgq8JfM,123125
l5iP4S0397A,1900
xKxfLv_Ss6w,2558
0mTL6eDEc7o,22499
1Wz-nGMgOQI,60385
Y6_a0k1ICFE,22539
2Ip4ign24C0,549
UMiTo0GSFjI,10735
hCg3uuEusiM,773
EZduFxcXDh8,5711
J9S9T-MjHGs,4646
JlgDmpDHoew,30627
c2XKndOQrIE,36404
5vdbvZHVRho,1146
3fV4M8xNxIs,409
0JZvLW0P41s,2424
BRu56eBW0Z0,1323
5fzy5ELnHN8,4549
36mi0V1ll0I,662
rsFtJapyO_8,756722
OGaDmS0k1B8,260768
4OCtwFr7w9U,1803
YAGJ4R2Fj4k,1229
jtKZlEamto0,8434
keJ_5mLO0NE,2581
wUyNQfpG-QU,26317
drwpvVgAoX8,39383
fXVgIYcPWnE,27519
CU314OJ8fik,764
DLQ2qZq0cS0,24808
sb1pwTpKTW8,1315
uW4gI5tNY6A,4874
v4WAgVnH2io,1097
1zaWBQLTvFk,3757
9ObVBIXlL7s,4628
2m2LdYxHuG0,557623
EjJpW8UMd4U,4620
GUGE6AE_g_I,870
kpZczOaKXvg,3463
I-n67S78dC4,708
gqHKrR9yIC0,1360
NOnB9dvBbHw,3368
VqQyvf43QoY,11620
KJJ5gBQy5SY,1348
f0084gS3mOk,1271
Qi_ysO9M7b4,133622
NHQDNHo8vtY,18608
bqo-_EAlpUE,2794
Ok7xQj9CbuE,1903
7l3xqKvQNT0,37044
IEBNNKIpcdg,7834
kFXnmdgBoaI,1049
y645PDRbInE,15267
VC-O0yIC5Mo,48059
1lf4b2YP_ys,67349
W8Ihu5uAroI,58367
R7Mh9fT3OBY,1697
9npPkaJSDpI,3595
8yd5xye1k5g,5016
PlJVpF7MumA,10930
dtkIYFgSMwY,6147
baxh--I7Eeo,10099
XcyTMmoJiSI,4902
XhmOqKJYnWQ,86738
pmNVtuX1M1M,20769
kobXsP9eIMI,10148
7_oDsuZozeI,23281
4RGc-sajs9U,25101
UHWhKUmof0w,3828
wf7vgQ8TNCs,11690
sBobbh5CmCI,30898
vTrKaKRF9jk,33679
RtUbDUF-vJk,15465
rO4L9Z0cryY,179386
2zxoO6odfBM,29554
5QUMt4libpM,1565
_azM4t5Lh44,21415
ot2dp4wefmQ,9575
DFAmuBr0THk,36069
l81l0TyZDA0,2266
qNnh_1E-XPQ,26073
v-e8mVTcR8M,10426
Ikf-jJ6OCds,6980
iMw84GCykic,2343
LFqCp3xhC6I,12
M_39d0h6iac,7306
N402ckL6KVA,2348
dd654OmAsp0,1238
Lm-toc-udCM,9438
BMwquNN8H3s,7559
mytoan496hs,4219
uvrfA1q3Pxs,7743
3r2jFP9FAxI,946
Aw2lWYKKeoc,14752
f1lDPiPQHHU,3
-2gVo5Hgec8,249461
sD7GG7nuZmw,26679
lls2xVlvDZo,883210
KVdyV7jp-Fs,2813
FOnrYZG6jkQ,9927
5jauQ9Y091Q,1238
FERR2SE21EI,2012
kmv5ZjKBBV4,1203
c-pLak1nY-c,620
MAlSZsfiARw,2040
LT0k6grHo9Q,5948
O9GDGHopNYs,6036
XGTHlLqMxuQ,2518
W-oOIG_57XU,90320
CwEEyLbiMVk,10602
gUEyoJfPQnM,7655
usrOkRw9arI,21730
4h4b7lf7ZgA,282937
rnYGdfCALxM,3856
sn0DaOB2NDk,14618
iz4MbCiMKJE,729
AgHWi2XP5yI,1047
nRv6oah7lx0,1395
b050VMDdNBM,30
HaaycE57jnY,22962
Gv1FazYBIj8,8869
wSiREW-yYpM,3205
6dqrxzj5wMM,8351
gLZD8S8hznQ,2226
apUvr0-zQNI,3750
8A-C5xd-brA,1537
J4IAWogFs20,2314
z_SlBRmVcSY,8624
vwkyfHm4wLs,72621
zojM20weFwE,24
oCeIgXCkUJw,34126
wsdPthu_In8,2225
H93Mi_Io2yg,168
u7K2EJL6O2Y,20688
phlQTllrSsY,4087
Ef02GBpx9Kk,118588
e2Z1LqTLoGg,4887
y6A_DhzSp7M,21959
IIC6XtVOzOM,49058
yLS8ZlnMdGU,1798
p60u7KrvtZA,464
S1RNFQBxIGk,5114
sDhLdDbiqpY,7133
cVzo6Ncyc5w,1684
CpWN-H4Kj_g,284578
d1FsMwbLVi4,15043
dqJijWyR-0Q,243
8zSwn0dFs1o,5220
-A2uCK2elAU,7021
pnsbfmo937o,34282
_TIwlbbOxOM,5126
bR6u09sawBU,11685
K3akJ6o_IgI,5043
uIH8Gq7La7M,4062
gWQAiys6MH0,4541
4g46aRbfaF0,26860
nJCe-L_fatA,30957
n-XrA7y8zc0,27910
llhsf5vL-7Q,11787
H88GpuZ-N0k,170977
UI068VWZHYE,859
6CXP2RW1Sy0,260
ct53g8Nzebg,14395
Ti-tWoGc6yY,18004
6PGpru028aw,17026
Cd64b6qVjO0,3561
M2SEPzBR2Tg,9391
nDD6JOqxQnY,39628
7r2mlswbp1s,393207
CRpqetQb7xw,2651
tN_UU8qkm-s,8718
QmMApseCS_g,36463
lTmp84rnOiI,9177
uNbeyI1Nb_U,148514
8cbvbmH87tg,3193
nl30Li_ZOZA,870
njH4Zbh8DaA,4307
-hBHGfjbJtA,1166
AUeBb33yevU,3029
YfAwUdaQEGk,1521
KMeJT875aHk,114928
nEeG69VGV10,32335
Qfp9Y2wXKCQ,5384
dSo6_E1a_mw,37917
qCD5TErXIL8,55319
st1CGrq1y5Y,14237
oebbixZZCws,50663
l9d7aWGzZx8,14994
vQSebrseDwg,6531
ZCGx0SWzg7U,1496
tYovdGPUaEI,35151
-jZzreuEAGM,12031
HoRjZ5v6x_c,153766
bTryFZ93H5o,778
ZAW0i1XQWwE,31016
y5_EvihDJ4c,110
LsnWIbVgZ3s,7174028
VKCVxnK-Noo,57096
fYq4vxRVJog,25045
vbfqtJ7KhG4,37998
8cRUZE7WGFs,21779
kKbjGondA8A,1627
TUwUvj121KQ,107827
ViVV5IxP-_g,24902
5SdtgDqQF68,579689
60uBNMKljGg,1599
V18ptyb_BGM,30950
AIrOMxhBlsw,186748
SIxpxeaxa1k,6309
5W2vUhUE0vw,120272
aukDIMnn-30,579
AQwI3NlLtGg,25279
mpen5qOFiGA,8363
OEMvnwsE_DY,41360
tKEhMd7eCCc,46619
_llCtWgom9I,198635
qyJuXc25CsY,1230
Oq35XBJvUqg,346615
8Vx-Bog6uNQ,1073
MeWHAYH_Udo,10564
qXQr8mYVi2s,18645
A9VDBrrxblo,44696
emXCdRrUWi0,2424
mFLr8iffNeo,5499
sAX_aHWMAcw,2294
2XHPAnR51Mg,32337
Chn2dgbizVE,30887
-qGqagAMt_Q,3394
teUhyeTi1nE,65
DpfRCtOyogo,24707
_AulS_zIewc,29431
ED62M18FLGA,51788
SUk1z7vjFxw,1317
WTbPfyKOKbI,1366
ppKaLW4YVhg,16531
L07iY8ygE3E,66551
X4KDdMwQNeg,2862
NkG9tBXQR_o,2839
6b74oSmf7oo,48159
qEEVvBzI77I,1861
_Ya3PqHaRis,26935
dOGJKjuO58E,477
GoGIjkf8g5g,750
9o7c7OA0euQ,106626
5YFqE4H92ms,8074
2JTQXjILTpk,3357
YlAY5nWT6po,680
UvrUE77ZayI,5576
gFEVH28cNzc,39504
fT7zGo1dSHQ,28523
gtVt2pI8B_E,1872
7j1UR_xum2U,165
quiWDsmUcmg,2270
E0nB2p5SU6Y,4371
m16BZwyHpSw,41902
NGfNBr-GF9U,4521
b-SvH77QeSo,1092
ewOA28Ogm3Y,107571
m7XhtmI80LY,16277
5wGJ9RAMxbc,643
IcpoeR8Txl4,1876
8irAHq2Dy88,7764
PCTRDVJGwz8,17361
FZWZ9fSnHUY,1448
tF8OWLizo4c,7091
fGAKwvWH7Kg,873
XKwrotGdFek,5545
VQkPCvTm0G0,4984
REowfo7w9uk,11925
jwbhifTvEew,101502
CaY_bYsEy2g,1827
5XjmKZJscX8,35814
diRiwexQcX4,1747
PDPy8ejqNuE,1215
5z4UjsFj5o8,14725
YfsE_IEPl0I,12330
E3gaa7WPi3I,20879
w67pKqVx7ic,1334
_DQDOZkVa2Q,124955
wDizJ-G9GQA,24366
g30FqNIc7PI,12032
ETrSc5Vjw6w,113
fArqiDeRYns,1348
4zY86j6JfBM,5292
47Snfnwi7Tc,1083512
0Cw_p35v7nI,6966
n-RoHuz3oD8,41045
wWjRXS9avBo,58122
zCf0Ma3AMnY,11988
xlb4Jx_Ee-k,60028
8RgqCdaN2Oc,43950
Kazi2GivHLA,4858
11NAkKGZh58,55
wWDSSQ4395Q,8096
xkP0AoMxc1Q,1020
dxKFXcc1nqA,11131
BPhRaQ7J0PY,577988
8-oMcinoyoM,9377
YRkA8xhzK8o,10099
DacSktfwX1w,23512
eVR8lpnIhSg,10007
_Lhi2rPPEHc,32197
1JeYZfpVbrg,6726
lLyiqTEJTDA,31157
1gj8kdZv37A,6458
eayGx6Ak8Fo,1000196
oKWLhoJxZGQ,388
V6Rli-Z33kI,49383
-jc6jg36pl0,11058
dkfeVswqEAc,1253
8tZw_mfKyaA,5485
Tyc9QmNA_OY,5428
0_aw3BNN-gs,7565
yynXg_WlrmE,1995
L1HwkFoOX64,17126
3cH5pY0YafY,8492
8ytrUtITDRo,1418417
XdVZtpM6Myo,347
FBs5MLEFVRw,21292
gr1Al9KN5JQ,5467
9FHaePlzNMk,1013
UhcVVsR2tCA,14908
wZwe6vuNhQI,20002
fUBhMMceFn8,1275
hnXWMPy2AdM,32342
Jj2wbrO9ElE,1862
31ja2pV_X3M,2990
Yt-918_OH6c,5389
J-cB2GB0HVQ,1643
tRDgCPrxsxk,2417
Giy9muwfQ4c,2565321
PYILxfbIkgw,2499
-fj60nXzEZc,8818
fjPy6ZF-y0I,19386
g2eUIa7MgdM,2989
82eR-Y-nVsw,29804
3QRme3u-m28,17349
SKN75DDuiKg,1161786
GnbF4iEuP4U,13851
OoSL1CMijk4,28697
NVmzqL1x3cU,25327
F_KLbit2Y8A,32825
h0RBRhepG5o,10438
dvuADLyJisU,11549
pw415JLQa-Y,1837
Kp00myx0q4Q,1129
MCEq7M2t-ac,125022
pOw54IXsev8,9381
DLEC9ALe5jw,9977
ziiQ7v87vJ4,8147
RCOL-cshU1U,62070
VTTALr9Stgo,53301
kqJ4IwTj60E,7505
0wgSb4U6xbY,11380
lU6B8G16FCY,8185
0DL6lZJXWcg,88857
AUPYJgRqDbc,39240
mIjCf4a9QyQ,164780
prZCv_QigCQ,50119
UI5gHYpqirE,85477
IMBO1F8aIik,414324
ygy6WRHggjY,1401
pz1pVmDbAoQ,78856
WbxwytCBR3w,15069
Ti7FPAnbJ9I,73388
uXQBvvSzdjY,4675
QyZUOmlLV1w,30033
H59w_WwdXGI,23779
C6KNfn9FUwo,77633
zg6Hpqvo_8w,2093
feJJBlzmuKE,50200
OpBX3HmvtO8,974817
TUapgAJfAiI,54504
Izn5ywJd6wM,443555
lp6YVLbHp9c,60703
dd5HvS4JyRE,13281
kX2zyNAJEEQ,9694
kPYAwruV3Pc,46183
uaEfwc7zFx0,1307
wLOAGG_79bw,615
Oxj-aZUl4CU,2701
uN7m5ob6MPs,6151695
CUfqad4NcRE,25667
PDkgs5iAAug,8278
1HIcSZ1cWNg,25667
snow5BK-peo,1821
RMCkYIWRLHY,5537
UWynqJYfqDs,8775
tTQiSnsHwIc,1146
dF1wfO60SgM,18669
_5KjcdQOef0,1315
YHco4yOZGSs,14155
kEfgZWE9OFg,34723
Hzm0A8z2TQQ,4679
Wzw4FbIhHzo,137568
LIshnNGY0_4,17087
OmrOZBN8JBU,11718
vo6-1dAiDio,7103
vihltJ85_7M,14539
pTZGEaGP2c4,9910
8LcS3lEbObE,28879
x47dSrTsdBE,532
P3gftcDFXtw,11196
3cAe78VMi9E,756
LkZBD3gltBI,1761
GRzwrO2Dqmw,1494
7rUSMJo3TrU,961
Q_ULyxy2Nxw,38496
EumVnNLwrR4,1216711
DnCYMwWmzAA,45967
ek9NnptoZ9Q,3765
MdwYc67dT4Y,228789
xl6CBbpba_k,33404
0JGWeP0psic,12758
31Kx5YA5Fms,6495
hR56aoWmwKQ,19421
8JLw-Rgm7R8,10304
jbshFNs2ft8,6458
4Kmzn1ZnEuY,21615
RaWB1eQoA5M,13634
J7GP9t8nncI,470816
EP_ZJQtw558,16534
ULZtfILGzm0,32414
-nwIggjfAH8,15743
7T31lXXxBQg,4055
ghj7tC5JSOE,1950
CF5mmfkwKJo,36
CmT3yyryKHg,180
96MJ6KfKrAg,5600
xHYSrRwcNYQ,4999
NqU0hMQqNQE,5212
22vZdAyOjFM,1046
s_JBo3Xcwc4,301
Dmgq1ukSYoU,6318
FFaB-3AG99U,9365
p4XDQsSq48M,3121
6yED_X6z1-0,6120
fi3A8ebYApI,2851
2tfjWc61rZk,2319
6kFhFMB-DQg,16680
vbQFzlACY3M,17936
UkeF1CrL-LE,837
pUTXugSyPwY,633
0zgR9p691jM,26907
2Qtq9mxlb7k,17468
3O2Y7VxoZ2Y,14009
x1jRXcgiT4E,32281
0o9d7hm2q-w,4957
7wq71Q-0VKw,4556
OqxCUTInnoQ,613262
FHRDeVC67qI,1781
5I9IuGlOhmI,1616
AwCpjNjHO2k,548
YlyVcACHbP8,7861
N96dKFC-qyY,2506
K2VZ1BYSO0Q,3919
oVdpxRq34D8,1163
Dk68xydsjM8,9258
V5j8EuFlqY0,6642
GU_aq-9yk44,3839
JmccFXINbYc,2222
7ri-F6eUoPA,2029
vnrgN-y3Egk,3423
CtCIgfhqw84,3393
dUIlOqL03z0,21613
puJgaoZO3OU,29909
aF__lQitmow,3359
9cO47zl9XFM,1301
9eeGW7i6DX8,2968
0PPsJ3A5uqo,4173
W0n5ThpQopg,314
g8Wgx0VeXDk,200915
e840IkyiaW0,11020
xHpe3NxNcbc,1684
YIqYaIPAt5E,36645
6uM2ncULLgk,30817
AwxJsJGrQa0,2771
oN6a3quTrDg,2765
RCgKZ3cAgkI,1763
MCpBYiH255w,26265
WQjPSwK_OXM,25383
l3BJePoUGJg,10513
9Y3ufZUbGps,2426
DD2VU_DBpjg,5451
72Ga78O6FiA,9833
ANh_rbCoNlA,5574
qHZ7uHAYn_E,3223
X7DHjjPN5Lk,3375
GVQkAADBUus,21887
9qkYoLHm5zw,9015
h0SAp3A1paE,1944
EAkqZObUdKg,574
ZB5JeB4tWv0,2671
rYqHCiTTu9o,4193
bbAzPLAVfws,1851
gPiB8IP1VRQ,26605
-dveoFauFiE,18382
MxfMKyV_lac,234106
-HYy3uM1tOQ,9231
2GbSDzMLjpw,25564
cvyJ4TJ-0qg,2106
pSCc6RJBGsU,1395
IFAx_H7F7BE,592
tx460ZmpJys,3878
-40HICW1I8A,2364
MIp9qPpxXw8,2054
qlsml3-Lugg,1609
_9QMJvIsTgs,28527
KDZ2xYUcrak,6733
-KbOWWNaAkA,203
hTMOs9Ph1WU,19305
j7jjQb0XyQc,2241
_jrtXlZEK2U,2886
uQYgqpJBRLA,5375
OxKfD6cD-hM,15181
6g0MNAVGd_M,26770
KgqLYfIANoc,171023
gl56pk-JwDs,307859
yR8ottPGzjA,10083
cffDTMLw9Uc,699
eg1wS3_Aso0,10150
fLJNIh8-b7A,1919
PLqXGSpJYow,248316
strK_iQRWxY,7197
Zf_JhmEbOI0,39526
8j472g7HyhU,4030
4JyA64_y7Y4,4415
kPUtdegJO9g,16476
yRTO4YqfBX0,1015
10TsEpeyNYI,23795
eDwA-s6_c3s,11101
3e0lY1DQE0A,1038
kob9Mg82sDw,95873
xaUAbNHQeZI,88
ZX1QUrDVq_c,1300
yyRprHSIR4I,6994
-sIZK9bw_wk,324
s8ibXr1oOHY,9457
wJvcU6McioM,82177
7kP5negQO3o,18163
WDsu-igum2w,4585
wzwZMPpjArc,10947
igSvMo-2L_I,17277
0PEH1BAp934,12291
uA368cHmGxA,1024
8TFd-jOG8JQ,28644
foA1CDDVyhM,1190
Tn2n3FVnf-A,227
7A0EfnxxExQ,15873
h4nO7nkpVtk,29375
DBh8gNee530,404965
QezlHQMdBnA,400
rf15rof0ADI,3040
kV0JUGS64c4,1562
E6U3qQqC91g,34465
vySFrCBEtwE,266913
9H4x0SYMCSQ,130878
uRVKOAgBVgE,283560
izSOCvby8UQ,6529
674oJaGSJd0,13342
2W8fNXEma80,9684
gjpb913UXWE,44201
ffrYwiIQuFQ,21862
VTKjNRp2ALI,9430
uZej1-mqCSc,4394
TUb9hXWnjxY,15311
X1rwzpJY00w,31271
TTl10s9ZEd8,15879
gNbDCgHVZEg,58590
m2Up73NDw3U,15628
SsSq3dmepYY,32507
2lSKc_wrRAk,20765
tzD09XhAoIE,20987
-FnOQkcKIhk,1196
WqWo5tX-yBY,1095
0z2yF_gpyOQ,5439
2rrfsXLGoIE,2649
YO74gc1eSaQ,656
xEJTzH3ysdo,10449
DyUZ8VuqBg8,49446
Vmf08DjnhcQ,2042967
JfEW7LRwgXw,5575
n2e0xhZkcjY,24828
s2cwR59wnhE,1229
kV2SknWEX9Y,2877
tnmaM8_INB0,2579
PxTOWj88Cf4,941656
orzc31QYdCo,44578
EJr95mXCkGw,1550
wZNdd7OhGkI,924
JlMWgC7-5WE,317
-EDjGNi6pXU,5139
0-x9yrRs3SY,758
Y1r0ATaA2Oc,3525
A-6jmS5DqeE,7334
Jmx_I4KAncg,1814
FUxjXIY02Jk,6383
nVfToNGFUWA,3017
1YsNtmCeAPg,1406
2QpQdlfvRGI,86484
BSZA_iADx3Y,4507
VRG5_KUF040,2368
mif9zOwDI_I,47695
7HQb0xxzOxU,4661
DYUygOvKYII,6323
GIa-p7ENjC8,688
eGDpWzUk09s,4233
ifQQQqYPb8E,778
V06maawfRDc,15289
JEfXdxDJbkg,7936
-auzNyXTmmw,153901
MwDsCuU1YHk,6305
BMDOMGAdaB0,3482
fbKBNUXkuC4,14907
w410wT5qlR0,168944
vBzQve1M9Dg,17806
ceu0MdTaGNQ,37770
hQAIxkiS5tI,19222
AMqANkMI9dU,2039
LAEaaH_rrzs,28429
FcSsqg-ajO4,8302
7G40p-BSYLc,13392
I70oUoD7wd8,14299
2gSmvdWHMqc,23312
FsJ6xwKWPAo,112859
8jnWThKVuIg,6879
NmVBVMoy1wk,920
9ywarAPyEys,46629
Kn46CU5J55M,32789
sXKCCrvzav4,300633
wAUU_bNc0DU,2804
IOtKvY6w4F0,9397
CaHY52uwai0,11051
ewHWn4gKjL4,6730
zHd5AGUWz9k,580
hM1rpPafLto,12992
CYrif8Zk5Xo,226
WiaKnXLrTs8,60
F3Ujsg6976M,336
RoMHKs48P2k,248
c1FBVx-Ht-w,600
63btNC1aPw8,6729
ty0gTr4f6cU,54472
vEy2nmeHRMc,582
yql88o5Y9co,1276
7sQoNGk9Fy0,5411
F_5fyXlWD-A,18650
0DZwOlirNOM,29137
FUHrjEZFnCA,3616
vZc7UJK-fM4,957
UVWfnsW3Uug,1464
xv58x8DjVK0,20461
oPQrKFdhR0M,154313
Qkdv8uQ3Sc0,199280
aaM6B91sZwU,133236
4ChrH4GqLy4,19259
XuhGXbzpPCc,11276
C_0ywIYEffc,14043
o6rXKUYLBxg,1273
8Oieo1tFHE8,13292
0KBG02DqGXc,34521
X6Rk8yHfFss,31717
98rNnwM7Ajw,16
AheRPJpVFD4,332712
6TEuoOttL80,73
u7Na6DljW0s,2454
yDsKu32QCQI,7443
ckavUMBgOs4,5275
7hpxFsDmrYw,201900
gUdke9p_C98,29447
3egSsxQ8M8Q,43764
vC15vz7RQTw,6488
-lE7tV3Q_2I,12326
pHdfyDyumbU,40895
E6jcVbxzmzo,2204
S7KgWgVAPn8,34640
uXZHn2qBlc4,92042
azjRo46us-o,78332
Vl2Ltzo3n90,2881
6yOFX8tM1mA,1455
FP1D8CLeIpI,1244
UNEMQ6LrRh0,28760
iRR5hJpkT00,263
P0Umsoq66Uw,12031
JAgIwLdSpJI,136131
je-buHSct0U,45336
1VQwCHZZ6u8,235811
-KO2c1XNEtU,2286
z6e3ti8qrms,26699
KuzIbMBdWtg,29616
WGtitwu4lgg,1905
jMHJqP-iOcA,2135
ll2vY42ivLY,127862
D9XYeYTpLPU,1670
YGfKkUF6igI,7835
qWizBSYja3s,5510
6MNFbC90BoE,558617
OVSL2VhS1n8,14305
C42PK7Zsk-I,16680
S85L-jRYtbM,47338
xqKhy-1qIwQ,14325
3Be6a5DQMaY,2844
kx0KJJWeMc4,75381
uS3fG4_vvF0,13252
EulhRC8IPDQ,1990
fJzYZDpT5Ao,2697
QcpzATdy_PA,430979
ueCAvo5cVzQ,23422
B0W_ibUmJ24,28359
TAyofR0w6gM,97066
xBF4bX_NEGM,15294
C1eVv2tEY1w,3657519
CuWOQ1F_dzg,28043
v6DUe0X5rlY,8092
HbgIorYvlxE,13502
1JU31BluUj0,24549
CYeVHZ-Khrc,2003
a-jP53Z6Iag,26850
xvL_AL8RqL4,13428
x28jdNYkBi0,278
wTSP2lNCgGk,44457
cvvxt2kgbZ8,170558
BXnEIR1bOAE,216913
JV_yr2Om5R8,1598
Lmc96Rc501w,681894
uj53pI-mDRc,3639
EDRRJYZav1k,3115
zFIzuchYk2Q,1576
EwRBA36Jcro,27835
ddnRsoHZUaE,1214
BrbF8F_SERk,61590
CltSBWUdnss,7206
XdODYubIzfo,224089
_QqtzbMBdhc,22717
oF3rTXRL4IM,1096
644cCYX-128,3455
XHDsWtwVEkc,218507
G5hoyHuthUU,28675
hebs94uySAg,59250
ykPfid5PTbc,16991
VjblH52XjH8,7019
WUJxCP5MBi8,2120
gnpEKni6sMA,7656
sYLOKchmVwo,3911
fMCr-O03Vrg,2764
dajl1WoBVJ0,2999
v-Qj86Dji2Y,5399
rH87lG6TSxI,3193
Tnvsl-Mf_to,6045
R8mb3yTLtiU,3856
tJIuv7xBL60,344
Nx-xhZ5QM6g,2013
skWMLR9nbso,6415
oVggK3lzZhE,2118
qabqaekAhNU,29824
9P5Fy0emWRI,1114
tTutaQYwIf4,1087
OwQcPfNaAGM,2509
Rtb2HuGDLBs,29093
7mjCPX8_M8o,5073
lzxYXiu_Y_0,3960
-kRQGi2lGcs,3516
uBdNFqnhezU,93316
4OxDCSEn1r4,14227
MIfAJth45W4,20850
choeoostg4M,936
EMNGgqJWV3U,1818
z2QQjU5wVPE,27791
73Ivr2IIcNw,8689
p3x3v8BDxHI,48758
tFVprRkZy-4,11601
mwqi8gefBI0,4463
yh2xGuHAnmA,15781
RP9SpvQTRSc,944
9YB6p0gU7Ac,18511
3p1NZ2T6X_M,1307
Fj36zkMmLjc,154238
FlvJpxudpy8,173013
vvAjDmIgssE,18466
GXBwgPbRTZo,2675
ZYk9ZL_O6P0,18346
hyr9drelbdw,3916
HvzPWRFiVC4,3945
N9fXIcve7NE,6368
wgBkzxuEV2I,1360
VdlwopA7V-8,8871
SdWmHBMo89s,9089
N-MZj7eTLjY,28382
eX77DJnvW1U,2604
b1QfQBY6T6E,2782
sniNyJH0eJQ,20110
eojEK8iE7JE,112600
iXHjJcs3vZ0,10849
vwaaiMhOwJE,14236
d2BUR91bNv4,13320
0HXuVSjUS7g,1626
mVzLv57CSkI,1332
UdFPSUnv-HY,27
D4tpK0ur7E4,40
UeRMzK9sZQc,856
zILjqZ6lc5E,5594
jtZmF5zts04,13347
7GJGlRhFqiM,3841
3J_cNSKIpl8,5664
cHJ2QxHXl0w,65718
74Yl86mDUR0,7058
yG2AOqRbvBg,23381
YRwaRrSNrQ8,34897
VnzSuqgKoMo,4627
IjO9VpcEe_E,1888
0Bcd8v9s0J0,12784
9EzCYSHxLIw,878
FZf5mtjphEo,7129
9gxOpc6ewjo,1453
TTv_JdUfyrg,2929
V1b_OqsN7xw,724
ZVOspUyhgNw,2858
v3zLShic1zc,11736
GzPwX_OxL8w,57529
QOUgBG233-E,34339
kPpUxcBXYvA,17001
BknNG440NUE,14676
N8YZ9a7-ePg,3018
0Le3_Rm4X_Y,35454
Gg1Jrildnns,16447
y7_QMLcWlMY,14050
zb0cbNn2XNA,866
nh32qq9SeZY,2365358
MpQekSmFwa0,2054
jAbxET8YmMo,21433
9HWTNPTL4Ck,891
udJcoH6-baE,30009
QkydMg6x2RA,22614
A84TR-p6QHk,4474
zD7b91lq3HA,881
nML8grNZILw,26565
GsCCuAott8Q,280
tmTXz-qPb8I,2066
lo0HXl1ZBWs,16403
mEh5Mt8w5VM,37703
APjUn_RsNnw,15163
Y8O1cuBlYIs,951
6Wek_3T06gQ,3040
6lwM1mHtVP4,5770
lV3EaiNMuKY,9318
3QcMraXEtLQ,872
UV5fY6t7-0s,975
0pnJ2PnkK4A,29397
xSJhvuO0E2M,10
_m-wzryEg88,8701
zu2RHn3kZkE,128903
g4EBA64lCjg,9500
N4RLRQHnS2g,2332
XIWRAGqvjgA,1912
Y9eLcpz0x8s,4123
U1r8TPbGOxQ,2186
Ck5vpC0zf5I,168
QuGCsc-1Lx8,5680
pF5JeqeLVQI,1521
6Uspcyc1FyQ,905482
IerTBmGe10U,1134
yXONMah1n5E,5374
AkPfk2UcDHQ,60797
iJmOfZ3mkqg,11198
dKoDQtBDTPA,18524
Sssvrmhjb20,41362
JRLt0Jkaxmg,28992
-SYZ8-Ma4uc,31135
utLy0dR0NXs,3730
MSRsYX8EELk,3972
aVazoiVkFzY,12878
U7dfXC6hqwo,12325
Gjr_F885S8o,3065
Ceg-tu2PhEc,1961
J43SyMN0-OU,34994
7Ery5Lzq8JI,7133
0cxKOx7jMqw,255
rdvOqgY7hJ8,1927
8ehj1ujDEOE,43176
wcckekldohI,13032
DKOEuSdqx5I,303062
aIY6wVq2NEg,250088
puBYnWY3OWc,6756
uuzL5PUCGoo,1187494
LKhmxPFvny4,31132
BygRem9rlZA,12156
MK23Yrpe4xc,14233
1n9Q3csDaRY,17927
mIrU-sRigdY,876
JXPgXj7DGRI,2333
3ojX1ua5Fzg,37954
-mX6jrfTYRs,12499
TjmJVsIBaCA,47648
x_MZGafZbNA,160
viRMArK6OoY,8346
CtNbFwR8NiM,16703
ivFuzchm1uk,1119
9A-9HXH68-w,416185
VOG73Kzi6QY,872347
EJvh4Wxr9JU,1639
1nquPxy-VME,2129
OZonRguZtO0,20965
ZDj-aMjtrt0,772268
Zzv-_MN_ORI,174365
VfvUAwgeC20,1234
2zYIWdMWSVc,498
D92E9XJ6ff0,31552
ODBYPUHavoQ,2572
hglkmH4PpEs,13812
BcaQ9LJllxc,3033
hOK3BeQgFKQ,26312
T7Gfyj6x8TY,1262
iuwY0Qv9aL4,27411
iaLE_vQRgPg,14212
-PUroRORFQ4,1717090
4QtnQJjYgJA,626
VX0mRbcbTXs,10184
SygMFmF7i5Q,116844
-5MCWvPWJm4,266435
h5erzDPm52Q,83111
p9q3xW5SByg,43365
hF5WQKf_phs,1735
r5z3U65pjpM,859
YFQ2wP6rM9Q,9418
67xtJ2a3Pxk,29523
ppmPrkFs2Ks,145915
aP7OFCWNhGY,785
lk8uVsioUWw,12511
mDR7D8sCGKs,1182
o3yR8mp5gMs,112737
dT0RnH3oGxU,107080
t44QXQdz-H8,21268
TeRDWdEut-Y,12615
-JGGtF1wEkk,952
McF7boQQAdE,427192
aNsJXm-NgEk,10076
HtrpHDFyaKI,9819
Rae4L2gj7xU,78729
UlzGFZB7sFA,1426633
cPkfttaKPBw,39796
RBSXrEFbU10,2908
mlODUYkwoxw,1584703
ZbteZtZZe7c,16601
JLFbcQS_BUg,12755
cxRkY_1_uKk,1138
UoROBVF-hBE,81229
80yjwfbRO24,33140
mxsC8lE8RZo,2920
HObnGi9iSBg,2938
mlEgTXnotMk,34028
4GvgHgaIB5E,16786
P6lr64gnx64,2751
qJkD7RNv1jg,17204
Ncunm0kX4KQ,3868
X9EVNfdFlFo,46253
BZNpq2a4IQA,23767
qqsB1Ps1Q1g,6913
dstDypNwes4,10054
gu7NyZCH_XI,901
ELQa82IYNsE,1427
g84qXwx0Tm0,5875
uSosHPHJvZI,9855
0Sber1ydgAg,23070
1smVpwKSPFQ,7221
X-Kla9BnPJg,3986
C9LlztjtvM4,5947
dwGFlYT7OcU,2640
0hGl1vm2ViA,624
bn90JAXQj20,11920
joBGXzJp4Ks,24624
9Xo9fnT3VKY,6422
pXxqB2sPf2s,294588
GDzYrOdyG54,30485
sYKE1i5U8HU,10201
rR1_Mt8rcPk,20874
E6yXBDV0L5w,47838
ZURENlTNClc,1177
uY7gxwwuv5E,1505
Kb9eP2N_swI,22379
pTv8cnHXNCQ,150616
35pFw1RznUk,5611
gtkvRN5gpFo,1449
ezxN7rxWKew,97533
Teyvd8xndD8,19965
4ijvgQ8MOyE,201061
AlQxkGxyE2w,21015
NHzDWfglYow,26252
1yc5hJaK7KY,11791
mSjc7YKU4oo,4879
pr-L97wDJKc,343
Yj_N9AvQZhU,17745
H6T2xgdJLaU,6849
m9Nb2anK7N0,7832
n_QB-5kRZYY,922
-vKA78G5vqk,476
aYGH51py9Yo,21969
T6y859iZPk8,11312
t5bNtsQr0Mc,1600
WC1OBo-PvA0,329736
A7oxY42uazo,5248
R9PGBof8I58,1298
VInHRsV9VpI,1916
1k_QV5Ifl7k,15144
ocd4odHiqPI,22910
M39_BOYmkfA,1775
pcmCHJjPzFk,2039
5n0aN2ztQuo,32128
3bssW6tXIPs,71882
zjk7D5MKR-s,1232
XJO4DTlS-AY,4489
5PG3_FVDVhU,9967
7Yy1M37uOHI,9993
pml_p64oPfM,5171
f-T8SKlFnis,3060
cFNFf8qDHzg,1923
XekBl-mtAFk,437
9QdhPLYAmgo,47149
Z6dabcEh_mQ,8714
3nq1LBPNV1M,2531
09ib8Pb8hNs,3071
olZrq989n1s,8612
bLRSjxAIkpM,20954
xL5F83S5OK4,1221
AIkeLyAPiHg,16508
HU8LQzMTCXI,4639
wBKtfnGmFbU,12222
9fbzZVz-mLg,25619
w3qeCqTMoX0,50627
9urrrB0eyBU,3316
zGZspL8tHcg,76567
rYmFbyu8Y40,991
xKZCnW0fhiA,1920
7DSVAq5xTao,1557
ClZgnWSqDQQ,1795
MCTAJYUSZAo,523815
ZgvwnCtHIk4,1791390
K_v_xsi-Hlw,22038
UZ0il5RoHco,51706
t9kAaCIwHmQ,155024
Rfe0urhm9_8,24678
m5GbCADzcsc,3520
4Mc4n8yJUOE,81376
bVn1N_FtJOk,3849
BdPFjK8QQaU,12936
zHukXhU-NJ4,6595
nygzCac8f_k,128830
HvbTV4O13Ts,64848
322DPn2CtqA,7152
vtpsQuLUDio,27455
iUZG3SPp4EA,1664
KrRdkbgRHTY,23574
UywgUZ8TI_A,23770
FbyeRKfP3cM,13195
293FRgh2qaE,33069
CDzMfK15F0g,33777
GkOs6-B1QNk,22990
YLKVjJuene0,125830
-ZPg78Ad74M,363261
-VwxPc8SK38,3591
ipNWatn_JK4,31230
RxR-a6GDae8,27378
4LOC7L3_kMU,285467
Vl0yDShjcac,41173
_ZfbrrWV2nA,5892
Bp64NTnMQkU,19453
g5ApWNpC38Y,21420
845ytvbMCk0,15000
U95ouRugA_E,53238
3GyfoXDZxQE,65129
mEFzm8sRmMk,39697
eWIb3LRelZk,20660
e-h6LQcnb7c,17180
vjwXFiC1m3g,1246
dq-vxNJ2yrY,2282
h1EUEMCx8Sg,37465
XmVCSjBnxk4,7995
A7vtnMqSSlI,1049
yiT_S8Hj5oc,1237
hcR5WArTA9E,5924
yXeI8B-67-Y,14491
X9Fpcram6tU,7741
0a_42mPibAM,67643
2UQ0IW7pw1I,12866
3jeVTInOyvI,4086
T_1UMbneCAs,34284
iTaqXrNt3n8,32098
meoT2Owqtvw,3581
DhXUP9OIPzQ,27808
wBCh1y0SKp8,8272
eupImmdSUas,1010
4t7QYtS9N20,30546
0H-_nkrPDTU,164294
BhwnPuvyzw4,12227
jEhTpE0c54I,733
IxK3b01qZbw,10122
nwV7SsF_myU,14054
fSGHvLG_84A,1716
UpO0JtaTpng,23489
Eoz30Xjl0RA,25246
aR7QdHbr2ro,1904
tEx-IcLjI-o,30795
V2W3CaR5ha4,9217
SRL4mdAtZ28,1001
v2Af5HUBYN0,1607
3F1XoI9JHwk,992
gUwNyeYq9y0,6914
WBdywPUSP90,15774
4megM76BLAQ,4632
h4KUjtTTnqU,559
z5qU51XzUeM,2698
BaPE-JFPaQM,3396
j8zG5ekmOow,39523
c1zUN9NJlIM,2019
qWzUaFq45mA,9330
OOcEAM50JRU,1070
z0KXD9OeJxw,113441
UjZn--p16x0,3286
JKuIMuyAkoI,1859
W9To0B5ArrA,20822
5dOLUh-iz1M,1398
zi61-d42gSA,8369
mzmWTI-qX3s,18106
t__TdOC7PvI,4627
iU3PUcZBTaQ,642987
2r5LXOLuOEI,2998
AHBXV_UiD7Q,23551
-KpEWy87syQ,22653
6zItCkxF-N8,6136
OSyoK_uV1Mk,2956
uGtVonM5Cq8,3680
_cXSocGqeMQ,2796
7Sc0DxPARXg,34896
m0ZJ_ddMnko,1844
lBpkm9T6XPQ,1166
jww-EYiIKzw,5230
SzP6q2fs3TY,26083
bq5vo-aAsMw,120255
HiVv6j_jP6k,915
6S8X2M6ZOYw,14924
1a_fmnZrQfE,13675
ead7gtkY6PI,2865
eaZAfwt1gk4,1884
qenN5UzJfPM,19255
yO1hTm30wKU,757
sPsukY-5i8I,1065
6TKqpnYsjXc,829
VTQ3_nmVSGI,19736
V7HDrpQTAwg,5182
9GiDJTWsGeM,5746
k_Nvz752ynk,107
3u7PIlGx5eI,7345
x1QBrYkc5hI,4125
jz60wL1JdCE,11372
U48JyfIgsuA,8479
jslURIRtJQ0,6905
5DGQyGpP4q4,619
WgnsXzHz_9k,1118
69-Y1Hpplnw,121
a7aIhIridx8,525
DmdGReT8ZJI,1467
m9zt13nohIc,1109
F03K-IEoycE,10457
jJG8Ygwyt6k,661
IAEY5Vd8ido,3190
GAaZdMubxRA,263484
LqZSBwuzQEk,11939
_tlK1ICwmo4,78862
W85pFEMIBvw,14160
acTzHIaAarg,10584
0xoLuWnYYho,8334
Vepw9fuFbKE,3412
WAosGqx-zeQ,7919
VzManIvU-fY,9369
KIMrofbBOTY,35450
PseCrgo8lbs,2020
RDjLSXpBisM,48606
nRSeOVAyltc,23211
6PzY5G8vAN4,6053
VGqz_QbTCIQ,109910
eREAiOCL3xk,2320
F5p5au3kQ98,144839
6aUxJPQYMvE,1520
pPmhaTR-7eo,18444
i0zmxNKhJxs,113125
RQ_Z1dAukkc,7917
a5KioKFGIx0,4010
LjJ9ix0JcR4,6054
CFB19lVqlBw,13
SFfBCuIEsuU,21941
WXo33ylnGrk,14422
sMm_evrcKUo,11137
xmfJl7gM7tM,37724
wgw5Wm-jMvw,809
Z8Pn8v_kYho,2668
tI8ZS7FAM0s,27488
SrUjsOOUfWE,8303
vvJcdKmsHM0,23511
78qRD2pXqDU,12477
W1zUy8zG8Os,264691
U8iJtvbK7-4,1481
2cdQh1Txvtw,3848
yOeLBC2Np_4,237849
s06zzOK9_pY,5718
AVD2TkgxPEU,40319
tmyWHA0n3Gg,596057
eFjoCBv1QF4,5088
hHbGd_r44rs,9899
YuVOmqK5AKk,8474
5GcOtqjfiAM,14848
tcTXI8cX5X4,4565
RR3kECYT1mc,1347
MKjskSq67Hc,4014
UQO86dd3vu0,3170
lx7Ifk0SCUM,32411
_zAM0MBZiVU,2067
__iK6SVvaZk,13576
6pBEEZhTGbQ,7237
H2IeY53od-I,1536
EB7Ga_L_F0w,4323
vOXOyVj2rS0,28026
3QBCG7AXI94,12969
cF7YSB_qmN8,3306
PjedMfmIuF0,7085
mNMnJQFQcoA,29783
nFzBhTaTbxc,3840
6AVG0ffsxvQ,9017
0mtwHV5IZMk,1326
osS3bhFA29M,3042
MS9I0_RwLaI,3511
_A1V_fkBPyI,32825
OyzNQpFOEXI,75998
5LWKN7JecZ0,558085
1aq_3BhnBdQ,2621
I73sAm4fmOw,174330
mKD9mWLN8KA,1990
QtPWOndCEC0,2475
gO_AKJbc7tU,1069
EvCb9DjqwUI,32886
_Sj9vcJwtrA,31971
qe8Xvd_agiY,2230
A1LRJnmQSx0,22265
Dh9AUY1bk18,3247
VIg_ZmvBRbI,9136
LIUQBVKFDoY,23151
pVCLyG17IXM,21466
vqcjBDVCSZU,27867
mpjvXLOgdU0,3395
TfJZwwDRpLA,1230
LqUtbQn2Ye4,33494
6ukGEj5dJy0,24889
eoUFBMjdYmk,11337
EDND3A7SoLc,27196
KYmRceYxvaI,17046
tgbuGNmiC0M,7231
G66XBGs0M4E,20745
mOH0JviuOV0,232
RsFSbN7ybBY,22004
0fptSe-IDHA,7043
CCUU_1eyqXI,60807
1J7scWjWxcw,142291
SR0luOtj5Pc,10505
V1nJ3sxoEEw,1003
qyfsbOsiqmA,4823
OGP6oE7m29I,10151
fmrTxB-mP6g,743
iWjlrbTqyyQ,11289
sUZ2mVDQZAg,2295
pKtGKGeeKa0,2962
cR8HwgqZX9Q,2995
lYqPFRYKK8s,4207
uX1CtpFOPn0,17143
5k-YzhiZ0hE,4178
2kJ_a4aSQwE,97249
thNJcracd2o,273
tqOfiD-x78o,32847
jE0eNoj64OA,126588
oxPG_4KnMto,2475
BqPjRUtBNSw,27676
-G505QgrBeY,4161
UpnB3MmPaXU,68203
NTPGSHis2-A,1896
A2CGHw5m25I,855851
hXAO0qKy3so,1493
8pIj19JdLiM,60883
Ro92UlN_-pY,13295
cR80bkGDb14,885
I6aWAS4o6Mg,10523
wQEHPjkkYW0,2638
dIoKq1gDU-k,6015
YyJ6eXJquHg,2366
hh83YRdoDKY,1024
wAdv4g2f0WE,3291
laHyeAErXu8,805
_X-AorwsQSc,1729
h8nxgZTNndQ,29287
yU-3SevoUyg,33194
ll8OvP00dRA,41726
tRYpA_G2Wdc,824
FWjWai-kVSw,452077
Z9sbGtqfmwo,3673
DkCC0lyTNgc,34159
95YHypMB43o,95268
s1mh3QySkBM,187
ceEzmWzVlyA,6686
q7E55WK1V8E,4528
L_0uE1XiGhk,209
gnqUieW07Wg,24654
jxMgHKWdxn8,52520
H7RXnw7sY-8,16498
wi8JjBUJQ1s,605268
JCzZXS6Fc-g,24511
_bHOnbvAjhY,16677
jew-hh47M8Q,8002
lUGbepGlLzc,22160
vSaTL4MyULc,26219
iDzEhR22zog,52916
9JYmnJmWmww,35849
JBeE70p3M6Q,16292
bo3xvn6DjAk,47479
GCLDvgjqGy0,4175
N79lL9D7IUs,167130
y1uwJfdhbC8,1774
oglRa4en2bc,7781
dQdqQSm7_sc,1433
amJqz_ubqGs,28370
vHtybqj6Kuc,2970
wZKjsp_QimU,6292
OJWzZXTUODY,26149
a4TmurgPHFc,913
8dNIiu5tOHA,34236
8htaKDvGq9I,1731
HvGsrhenpB4,2557
Uv1R8QSvLms,42961
AsCH1-Be3dY,38517
ScnttYJiq8A,18314
d6yY3a4_wvA,1358
XbgnqIbHKwM,9059
4LOYyNh2A0g,4109
UAmBnWi0cYc,2890
cuhAXSrFBRU,914
ot4T2IgVgks,8313
iJvPodd6FVA,26064
k_E0zYGjsP4,593
Iz5Ui3LP8Yc,1217
JrELndP6Sz8,118
l0v7rbLOEn4,10839
SOlzOnhZDE0,2960
F-31DxN2Hts,652
VgbxgJ8jDhQ,43449
iV4QUNwauKw,40825
-axAHSfT4rY,79647
T8UNZXdgQ0g,276417
w4ejgzEEbhA,2907
50A9v12SjMA,14247
KUsBzN0O_EI,76211
cHGAhCDzl6s,34712
_ZWpswESl-4,30577
PNiPulqqW5M,1006
wNYneIqMMp4,5065
9hAZ0hLEfs0,2143
J9vTnn7MfjY,5443
bp1V2X_PJH8,5726
n-EmV8D3CiQ,1327
bnAqUCuDoLI,25168
54s_3Bswgcc,13414
KYz2e6ZOdCw,1202
Giw6_Bb_tcw,1712
sso8Dslkixo,18788
oVM6Bqypm6E,1936
53q1rENFhPE,8414
bFq_tTy8SvE,14218
pVb0H_KIiqY,646
PBuow0wQKmg,150470
RgjDAlgUUVo,20315
1eKf_VxgO4M,14674
zEp5IKxy-xA,2167
tDw2TIOrAgI,74600
lXXj21N9EtM,71377
kkYfQ8EUX70,7301
FOqPTBq50Co,14442
oKEgWaB8vcA,1508
PuL8yZ8qPGM,26988
-18ZUTJyJPE,72466
IcDexrFAWNw,28494
RLp5BoEbRMw,9658
pne2UEILX40,1866411
eC9vnRUv4Xk,7130
Y0CNkB20uuI,1214
wL9EWwEggtA,1019
Ez3HSdpfCxE,2779
wZ4TZt5UbCE,2063
HQOBt3EuAz8,18639
OU0SpubOCPU,157723
tPXgM6UKetk,7595
IUj_g3UKTdo,2460
4GVVxUvkjBc,118304
tUUk50LyTW4,16255
Ijo5t8dpQCw,1217
H5GWvb_aUxM,26436
pPAdyiKWdm0,4866
mZ2ZfIaEPAQ,32314
hMLf4YP5PiE,6283
rCUCWBfSBho,38303
DjOBoYfVsZ4,10379
wLJcvLKA1Vw,1639
zd9L-MurkvE,26015
UctODJkAYmQ,8300
NbYW6m2TiZE,1760
suC702FAM2k,10287
U6nPwxigm2A,5657
BseS5SGWcEc,60044
bytLRH9_QSg,3165763
Oqy0_fy6Vmo,5038
PhynzczZ3q0,1083
v2OgeCIk6fE,719506
IeVbO-s6RfM,1028
-u8qF6dqx6k,1420
2OXjcnyQxlg,9639
T4dBYacSuA8,1688688
P1GM9v_VWIw,174413
r3asdA9415c,37966
y6jig32XplI,38595
-NPpVqUWXHw,31749
N9oYDjZ5Guc,36378
yTfHVP6NUgg,1417
_dQ4HWCWxhg,3093
15jf06u0UvA,7649
CHdHwjAk3FU,37362
AM1aVbuSSrw,8016
v8JhxnK1AHw,9468
FEAkBAXYi7o,4196
BAGB62AG59A,4046190
0yTNaba-_Qk,27405
T8eGkpbQExY,27107
_mvfS8rPn6w,1232
q14GhFl7Yc4,4187
xu1eqC1UawE,792156
vqnNpUYL7SA,14159
7bjUKlPQel8,2804
gufNyx9B8Kc,1501
pO74VphA5o8,5639
Vd1k7PBJ-wE,6840
eD7d2n9DvkQ,27851
N3Q_mIpXO64,65655
FYFqJRc1bFc,18422
irVNpQEzMvs,1040
7r28fS95nUI,24341
bet5zdXGrIE,5487
f6PlwpYpRtY,9687
fWui1hJH7zI,31368
EySZWMwTEyk,4559
e4TJLc8nqmk,782
hqf4L8CijNw,5560
qHAOPLZyj5o,18882
71C6QQzpbrE,1520
SLjSsVZRyiw,112656
olFK8CyEPfs,1703
zAj8jWhPqGE,1343
2OnDoW3SIJM,4674
moxJ7n_I25w,7069
tHKZBCLzsTo,21462
uNSy3gV3a2k,819
cZcP9fRJImk,12285
jXM5xiTJNoU,16688
yJKfgPsWGq4,3513
4B1WPD3_OzA,1003
1kBjkVT37eQ,40733
O1Hu7fJGamA,32277
sAhJBklc_K4,24815
EWsqz4QDTok,277
VAfw3Coy-YI,30144
yJd8oT53ZAg,17009
8F6KK__5YX4,26431
tddgedb26U0,1522
heWfb8-TGUI,702
Y0sdpRHir-g,6867
Ih_SRX4jfnQ,14892
J4mjEvvYKbQ,19483
9QDDDE-3Nu4,10680
7iz9ewB0Chc,25985
jFieQgPIz6c,5491
6VgznLdUtRY,29107
m_By9PFOk44,447
0gUNx7Ux_Mk,8692
ajfFiKd1zdI,199772
wc20SZZY4t4,22691
29KNbZHqXjQ,20484
w6n3dhfRY-k,13390
Xv7WB7hggEQ,98438
fWn5iPqqk5M,1570
v69JF_6R7J0,36942
cwq80UlV31o,1148
A1nokM3t2pk,17699
NXCVoqiXvE0,2021
KQINIEVbIsI,14181
DsFju-2GAdc,2519
DXj5smL7gVk,70665
bXldlDXUgFI,3711
C6M4mj3i71g,14036
2CjLyGgoiYc,25135
y9QDSb3OJ7E,2180
ww8QDW7EMSE,9339
imbX9O-NkMk,118760
QnDVgStarRE,1326
BYGDJGFdWiI,32716
KJlXolYQ3ik,6836
Jy6kJc0Xtyk,858
kNkIUTY_Z-Y,2851
YNU_BhDCc9M,1299
ZlV2qvkY3iI,2930
AG8fvJzvZEg,5030
3kY7aszAQQg,121957
ewzacqm_mBo,14453
uHaEMz-VNak,227624
yJYZLOgASnE,120042
IOsrzS9qqjw,30795
FhqoX3gjgFw,52770
mCDvO93UI8A,6382
Xl8VQHtAADI,9000
P7RGE1YcCr0,8097
Ag5udWcalTg,9521
aEjAUkRKXGU,200053
_4QHHWDjeag,4426
n0XWEXsbMsk,49554
YFV2SsBzcUw,27012
jph6zqLlMs0,9466
yj8H08psyMQ,117894
VxNrBYVBrqQ,9846
j12UUZU94to,29854
ecbIbY_NuLI,10533
MfYVaMFxXf8,9788
GHHybS_1XFA,21189
EVzspC8yhlE,2776
Doc1wL96pAk,1167
oiVozPyvXNM,1236
nzCZ5245uSw,3434
v09j6UwRSMk,882
s6spnzp5RDY,978
-ZzWgfbn8tk,1369
3fWju0jvP9g,17230
h6dtfDeYuTA,2913
5bUvQNCpJw0,32052
dyWBf2YJeM8,13892
b3Ma6CBfZws,6145
9suUY7DnUlI,16306
DzDSxzRP6hM,1059
0j1aOXYNsdg,3125
73uTtP4BlEo,2795
gSOO8dQOUd8,10302
EWVt2urk2Co,15786
0AhlUTvkj9k,17072
FeQw-SKfuvY,122200
SmKoVMMEH-c,16797
jMfrUKnAmTQ,59828
ZtJ5Z1AAhWA,479954
_2uSy1qMeNQ,6819
zMUDwgjnsOc,18563
NLL_xSWSXPw,3880
ylvGuYC-Zwc,12851
5jXYCZPHQqI,2284
ry3aVSCQJmc,2891
INks2Pn5Gcc,25821
uZ5NdxUC1ic,5475
DQjNgaIkygg,23367
klrtYX36tow,136919
-1jMShJzTfk,1470
xfebuy3blPE,1003
ObK1Wy7o7aE,32172
Dct1vaHYHdA,1705
fMvUqg7MQag,110464
vPGE6uGjpSY,661
lQZSRcWI5R0,11
XVZPti9cNDQ,1080144
J3RzaNR9GEQ,660
FHyNlM6X-MM,19574
aycrXbjoXAU,819
0xBz5AwH91k,5734
U5IfaIY6l-I,1530
s4sH5uzryMI,3209
Bk9uMAAlxnk,32296
JGtjmIbwxWk,13392
Gj3cJ5Bf7b8,5241
O08EynrYrzc,1365
N8gu_-AgCMQ,223668
l0MlAQHz-iA,1596
vmXKlIf9wFo,2117
uwMfcBb4Mn4,20605
rYLrsbDCnSg,566
-GX79SDMdCE,8991
Of66RB8aegE,7852
22qiYQY49-w,1016
gtXxrIUNyF8,14
bPKI5juNxvc,2212166
_H2T0aDQn-k,2608
UrJuvuXxBXI,26481
5QfhvoqFcqs,34882
UlnCyopn7cc,123572
Jt5Tczxy2Qo,29269
Oi_g9MwZdxI,3152
CXSeJVTlMd0,14459
3AoZ9gZXqhc,2475
Xgp_tfm2OQE,22593
bhkfIg1SbBo,19017
Z8_GdPsWiS4,8116
ob1N_w5Z4Cw,2169
vuI5CLaaVgg,8016
tzAa6KOMY-s,454
xEMYCrMsP-U,73393
LKLL6QVBxbc,1079
___SR7uMxQc,21137
z4e6tt87HlM,36863
JC-WOJqHalQ,9038
u_9XRG6yCu8,22236
vdM8qxw0yCg,16
ACxCwwV7ZfE,3145
9kUo_FpNXpI,3045
8AhgEbTwusA,7140
co1eP75Mt1Q,7495
VpYCXG9j__o,22999
teMvGPbBKrM,2117
_PqtroMvE8g,3228
shRZVIMPXdw,24443
8bnOohyrgd0,10291
u70ZGjdjckw,7405
SaCP5yZMEC8,621
qILiY5NnMhY,16993
BTIkRrs74hY,3016
BahT8krNE64,29501
MS39t-CEKgA,3341
FVkyZRnR5u8,1292
UbmnYUaksyw,13515
iYiziUDxy5I,1092
OjDUkTj_544,2949
UIoLF3JrHLA,35796
ONDwofhH12I,2640
eL_BY54-dbI,66
kNenCzNBTFY,7226
jhkS-zFaEzQ,948
wUPefuJlBUg,2559
lInwLqNS30M,1224
BA0DuxmagMw,159
MSH5Kgfn-rM,999
pWuNPnG3fZA,3183
0Po0xTwDkG0,3979
psos9sdTQLY,31728
iTDx1JmMP4U,96605
y0cnx9uRujQ,5952
IGTWUJr9swg,6198
XRzYwkDQRyM,999
